id,name,country_code,description,homepage_url,grants_count,works_count,cited_by_count,2yr_mean_citedness,h_index,i10_index,institution_role,funder_role,publisher_role,updated_date,created_date
F4320307264,Foundation for Chiropractic Education and Research,US,,,2,5,319,0,4,3,,F4320307264,,2023-06-09,2023-02-13
F4320309222,Mae and Benjamin Swig Foundation,US,foundation in United States of America,,0,1,222,0,1,1,,F4320309222,,2023-06-09,2023-02-13
F4320309241,Danforth Foundation,US,organization,,3,5,190,0,4,3,,F4320309241,,2023-06-09,2023-02-13
F4320309574,Taconic Foundation,US,,,0,2,175,0,2,2,,F4320309574,,2023-06-09,2023-02-13
F4320312719,Polymerat,AU,,,0,1,130,0,1,1,,F4320312719,,2023-06-09,2023-02-13
F4320335618,Key Laboratory of Smart Drug Delivery,CN,,,3,5,113,2.0,4,2,,F4320335618,,2023-06-09,2023-02-13
F4320313812,Ministry of Youth Development,NZ,,,1,4,101,0,4,3,,F4320313812,,2023-06-09,2023-02-13
F4320338474,U.S. Army Dental and Trauma Research Detachment,US,government organization in United States of America,,2,4,100,3.0,3,2,,F4320338474,,2023-06-09,2023-02-13
F4320323255,Grosserer Valdemar Foersom og Hustru Thyra Foersoms Fond,NO,foundation in Norway,,2,7,95,0.5,3,2,,F4320323255,,2023-06-09,2023-02-13
F4320321805,Society for Emotionally Disturbed Children,CA,nonprofit organization in Canada,,0,1,91,0,1,1,,F4320321805,,2023-06-09,2023-02-13
F4320318330,"Division of Bone and Mineral Diseases, John T. Milliken Department of Medicine, Washington University in St. Louis",US,,,1,2,88,0,2,2,,F4320318330,,2023-06-09,2023-02-13
F4320333085,"Department of Molecular Biosciences, Northwestern University",US,academic institution in United States of America,,0,1,87,0,1,1,,F4320333085,,2023-06-09,2023-02-13
F4320309219,American Child Guidance Foundation,US,foundation in United States of America,,1,2,85,5.0,2,2,,F4320309219,,2023-06-09,2023-02-13
F4320323921,Staub/Kaiser-Stiftung,CH,foundation in Switzerland,,0,1,80,0,1,1,,F4320323921,,2023-06-09,2023-02-13
F4320318722,Frances C. and William P. Smallwood Foundation,US,,,0,1,76,0,1,1,,F4320318722,,2023-06-09,2023-02-13
F4320309264,Eterna International Foundation,PK,foundation in United States of America,,2,2,75,0,2,2,,F4320309264,,2023-06-09,2023-02-13
F4320315325,National Capital Area Chapter of the Society of Toxicology,US,,,1,2,75,0,1,1,,F4320315325,,2023-06-09,2023-02-13
F4320307642,Molly Foundation for Diabetes Research,US,foundation in United States of America,,0,3,69,0,3,3,,F4320307642,,2023-06-09,2023-02-13
F4320328036,Association Française de la Maladie de Fanconi,FR,,,2,3,69,2.0,2,1,,F4320328036,,2023-06-09,2023-02-13
F4320314818,Roy A. Hunt Foundation,US,,,0,1,68,0,1,1,,F4320314818,,2023-06-09,2023-02-13
F4320315703,Sudden Arrhythmic Death Syndrome,GB,,,1,4,66,0,3,2,,F4320315703,,2023-06-09,2023-02-13
F4320312374,European Association for Behavioural and Cognitive Therapies,NL,,,0,3,65,0,3,3,,F4320312374,,2023-06-09,2023-02-13
F4320324646,New Energy Foundation,JP,,,0,2,63,0,2,2,,F4320324646,,2023-06-09,2023-02-13
F4320312251,Shetland Salmon Farmers Association,GB,,,0,1,62,0,1,1,,F4320312251,,2023-06-09,2023-02-13
F4320314737,James F. and Marion L. Miller Foundation,US,,,0,2,62,0,1,1,,F4320314737,,2023-06-09,2023-02-13
F4320322553,Sirpa ja Markku Jalkasen Säätiö,FI,foundation in Finland,,1,2,62,0,1,1,,F4320322553,,2023-06-09,2023-02-13
F4320325225,Anton Dreher Gedächtnis-Privatstiftung für medizinische Forschung,AT,foundation in Austria,,1,1,62,0,1,1,,F4320325225,,2023-06-09,2023-02-13
F4320312433,Heraeus Noblelight America,US,business enterprise in United States of America,https://www.fusionuv.com,0,2,58,0,2,1,,F4320312433,,2023-06-09,2023-02-13
F4320314440,American Society for Peripheral Nerve,US,,,0,1,58,0,1,1,,F4320314440,,2023-06-09,2023-02-13
F4320326648,Berit och Carl-Johan Wettergrens stiftelse,SE,,,0,2,56,0,2,2,,F4320326648,,2023-06-09,2023-02-13
F4320333673,Biomedical Research and Environmental Sciences Division,US,,,4,6,54,5.5,4,3,,F4320333673,,2023-06-09,2023-02-13
F4320333830,Research Institute for Islamic and Complementary Medicine,IR,,,1,1,54,0,1,1,,F4320333830,,2023-06-09,2023-02-13
F4320334124,Icahn Institute for Data Science and Genomic Technology,US,,,0,1,53,0,1,1,,F4320334124,,2023-06-09,2023-02-13
F4320313763,Institute for Experimental Psychiatry Research Foundation,US,,,0,1,52,0,1,1,,F4320313763,,2023-06-09,2023-02-13
F4320312192,SSM Health Cardinal Glennon Children’s Foundation,US,foundation in United States of America,,0,3,51,0,2,2,,F4320312192,,2023-06-09,2023-02-13
F4320321503,Carla Boetes Fund,NL,,,0,2,51,0,2,2,,F4320321503,,2023-06-09,2023-02-13
F4320317792,Health and Family Planning Commission of Liaoning Province,CN,,,2,2,48,0,2,1,,F4320317792,,2023-06-09,2023-02-13
F4320325230,Polysackaridforskning i Uppsala,SE,business enterprise in Sweden,,0,1,47,0,1,1,,F4320325230,,2023-06-09,2023-02-13
F4320322269,Catharijne Foundation,NL,,,1,3,46,0,3,3,,F4320322269,,2023-06-09,2023-02-13
F4320313543,Canadian Spine Society,CA,,,0,1,45,0,1,1,,F4320313543,,2023-06-09,2023-02-13
F4320309187,Friedsam Foundation,US,,,0,3,43,0,2,2,,F4320309187,,2023-06-09,2023-02-13
F4320316222,St. Luke's Institute of Cancer Research,IE,,,0,4,43,2.0,3,2,,F4320316222,,2023-06-09,2023-02-13
F4320325747,Gunnar Kristian Olsen og Randi Andresens Legat,NO,,,0,1,43,0,1,1,,F4320325747,,2023-06-09,2023-02-13
F4320330276,Prairie Oat Growers Association,CA,,,0,5,42,2.0,3,1,,F4320330276,,2023-06-09,2023-02-13
F4320333728,Society for Anthropology in Community Colleges,US,,,1,1,41,0,1,1,,F4320333728,,2023-06-09,2023-02-13
F4320334642,"Department of Anglo-Saxon, Norse and Celtic, Faculty of English, University of Cambridge",GB,University Department,http://www.asnc.cam.ac.uk,0,2,40,3.0,2,1,,F4320334642,,2023-06-09,2023-02-13
F4320337095,"Centre for Ionic Liquids, University of Malaya",MY,,,1,1,40,0,1,1,,F4320337095,,2023-06-09,2023-02-13
F4320306214,Akron General Development Foundation,US,,,2,3,38,0,1,1,,F4320306214,,2023-06-09,2023-02-13
F4320320082,Foundation for Study of Infant Deaths,GB,,,0,1,37,0,1,1,,F4320320082,,2023-06-09,2023-02-13
F4320309739,Fondation du Judaïsme de Belgique,BE,,,0,1,36,0,1,1,,F4320309739,,2023-06-09,2023-02-13
F4320309926,Bowland Charitable Trust,GB,foundation in United Kingdom,,0,2,36,0,2,1,,F4320309926,,2023-06-09,2023-02-13
F4320310955,Westco Fertilizers,CA,,,0,1,35,0,1,1,,F4320310955,,2023-06-09,2023-02-13
F4320325348,Taiwan Foundation for Democracy,TW,organization,http://www.tfd.org.tw/opencms/english/index.html,2,4,35,2.0,3,2,,F4320325348,,2023-06-09,2023-02-13
F4320313539,Masthead Cove Yacht Club,US,,,0,1,34,0,1,1,,F4320313539,,2023-06-09,2023-02-13
F4320307440,Rossi Family Foundation,US,foundation in United States of America,,0,1,33,0,1,1,,F4320307440,,2023-06-09,2023-02-13
F4320326125,"Købmand M. Kristjan Kjær og Hustru Margrethe Kjær, Født la Cour-Holmes Fond",DK,,,1,5,33,5.0,3,1,,F4320326125,,2023-06-09,2023-02-13
F4320337850,"Health Care Engineering Systems Center, University of Illinois",US,,,1,4,33,5.333333333333333,2,2,,F4320337850,,2023-06-09,2023-02-13
F4320313551,Tolerx,US,,http://www.tolerx.com,0,1,32,0,1,1,,F4320313551,,2023-06-09,2023-02-13
F4320309571,Dean L. and Rosemarie Buntrock Foundation,US,foundation in United States of America,,0,1,31,0,1,1,,F4320309571,,2023-06-09,2023-02-13
F4320317233,Saitama Cardiovascular and Respiratory Center,JP,,,7,5,31,5.0,3,1,,F4320317233,,2023-06-09,2023-02-13
F4320326382,Medical Workshop,NL,,,0,1,31,0,1,1,,F4320326382,,2023-06-09,2023-02-13
F4320335537,WWF-Thailand,TH,,,0,1,31,0,1,1,,F4320335537,,2023-06-09,2023-02-13
F4320331276,Australian Koala Foundation,AU,Australian non-profit group dedicated to koala protection,http://www.savethekoala.com,0,1,30,0,1,1,,F4320331276,,2023-06-09,2023-02-13
F4320325199,Stiftelsen Per Ahlquists Donationsfond,SE,foundation in Sweden,,0,2,29,0,1,1,,F4320325199,,2023-06-09,2023-02-13
F4320328981,Adolf-Martens-Fonds,DE,,,0,2,29,0,1,1,,F4320328981,,2023-06-09,2023-02-13
F4320332367,Office of Congressional and Intergovernmental Affairs,US,,,0,2,29,0,2,1,,F4320332367,,2023-06-09,2023-02-13
F4320313416,Alberta Historical Resources Foundation,CA,,,1,6,27,0.5,2,2,,F4320313416,,2023-06-09,2023-02-13
F4320313737,Pediatric Neurotransmitter Diseases Association,US,,,0,1,27,0,1,1,,F4320313737,,2023-06-09,2023-02-13
F4320323558,Dr.Ir. Cornelis Lely Stichting,NL,,,2,3,27,0,2,1,,F4320323558,,2023-06-09,2023-02-13
F4320335330,Virbac New Zealand,NZ,,,0,5,27,2.3333333333333335,4,0,,F4320335330,,2023-06-09,2023-02-13
F4320311796,Wilhelm und Ingeburg Dinse Gedächnis-Stiftung,DE,foundation in Germany,,0,1,26,0,1,1,,F4320311796,,2023-06-09,2023-02-13
F4320325609,Verein der Freunde und Förderer der Schweinemedizin,AT,professional society in Austria,,0,3,26,0,3,1,,F4320325609,,2023-06-09,2023-02-13
F4320326029,Stiftelsen Gunilla Edlinds Stipendiefond,SE,,,2,2,26,2.0,2,1,,F4320326029,,2023-06-09,2023-02-13
F4320328302,René Vogels Stichting,NL,,,1,2,26,0,2,2,,F4320328302,,2023-06-09,2023-02-13
F4320309245,"Frederic Burk Foundation for Education, San Francisco State College",US,foundation in United States of America,,0,1,25,0,1,1,,F4320309245,,2023-06-09,2023-02-13
F4320315446,American Nurse Practitioner Foundation,US,,,0,1,25,0,1,1,,F4320315446,,2023-06-09,2023-02-13
F4320315953,Norcross Wildlife Foundation,US,,,0,1,25,0,1,1,,F4320315953,,2023-06-09,2023-02-13
F4320333959,"Department of Psychology, University of Alabama at Birmingham",US,,,0,2,25,0,1,1,,F4320333959,,2023-06-09,2023-02-13
F4320314187,Society of Critical Care Anesthesiologists,US,,,0,1,24,0,1,1,,F4320314187,,2023-06-09,2023-02-13
F4320319167,Expect Miracles Foundation,US,,,0,2,24,11.0,1,1,,F4320319167,,2023-06-09,2023-02-13
F4320308663,"W. E. B. Du Bois Institute for African and African American Research, Harvard University",US,academic institute in Harvard University,https://hutchinscenter.fas.harvard.edu/w-e-b-du-bois-research-institute,1,3,23,0,2,2,,F4320308663,,2023-06-09,2023-02-13
F4320312399,Vasomedical,US,,,0,2,23,0,2,1,,F4320312399,,2023-06-09,2023-02-13
F4320314447,Lionel Murphy Foundation,AU,,,1,3,23,0,2,2,,F4320314447,,2023-06-09,2023-02-13
F4320322395,Lynette Sullivan Memorial Trust,NZ,foundation in New Zealand,,0,1,23,0,1,1,,F4320322395,,2023-06-09,2023-02-13
F4320333286,"Arthritis Center, Johns Hopkins University",US,,,0,2,23,0,1,1,,F4320333286,,2023-06-09,2023-02-13
F4320333852,"HIV and Drug Abuse Prevention Research Ethics Training Institute, Fordham University",US,,,2,2,23,5.0,2,1,,F4320333852,,2023-06-09,2023-02-13
F4320315549,Fredheim Stiftung,LI,,,0,1,22,0,1,1,,F4320315549,,2023-06-09,2023-02-13
F4320317836,Les Amis des Instituts Pasteur à Bruxelles,BE,,,1,2,22,0,1,1,,F4320317836,,2023-06-09,2023-02-13
F4320328845,National Key Laboratory of Power Sources,CN,,,0,1,22,9.0,1,1,,F4320328845,,2023-06-09,2023-02-13
F4320333373,Ben Franklin Technology Partners of Northeastern Pennsylvania,US,,,1,4,22,3.5,2,1,,F4320333373,,2023-06-09,2023-02-13
F4320337999,Intel Science and Technology Center for Big Data,US,,,0,1,22,0,1,1,,F4320337999,,2023-06-09,2023-02-13
F4320312098,Fertility Associates,NZ,,,0,2,21,1.0,2,1,,F4320312098,,2023-06-09,2023-02-13
F4320313230,German History Society,GB,Great Britain,,0,3,21,0,2,1,,F4320313230,,2023-06-09,2023-02-13
F4320324360,Fundația ADEPT,RO,,,1,3,21,9.0,2,1,,F4320324360,,2023-06-09,2023-02-13
F4320325324,Lyfjafræðingafélags Íslands,IS,,,0,2,21,0,1,1,,F4320325324,,2023-06-09,2023-02-13
F4320335717,Centre of Expertise in Energetic Materials,AU,,,0,2,21,0,2,1,,F4320335717,,2023-06-09,2023-02-13
F4320307537,Edgar and Marion Beck Foundation,US,foundation in United States of America,,0,1,20,0,1,1,,F4320307537,,2023-06-09,2023-02-13
F4320309041,CeNeRx,US,,,0,4,20,1.0,3,0,,F4320309041,,2023-06-09,2023-02-13
F4320315223,Association for the Scientific Study of Anomalous Phenomena,GB,organization,,1,1,20,10.0,1,1,,F4320315223,,2023-06-09,2023-02-13
F4320316059,Associazione Fatebenefratelli per la Ricerca,IT,,,0,2,20,0,2,1,,F4320316059,,2023-06-09,2023-02-13
F4320324056,Herbert und Inge Lampe-Stiftung,DE,foundation in Germany,,0,1,20,0,1,1,,F4320324056,,2023-06-09,2023-02-13
F4320327381,European Society of Clinical Pharmacy,NL,,,1,1,20,0,1,1,,F4320327381,,2023-06-09,2023-02-13
F4320328452,Fundación Unoentrecienmil,ES,,,1,3,20,0,2,1,,F4320328452,,2023-06-09,2023-02-13
F4320329251,Agora Energiewende,DE,German think tank,https://www.agora-energiewende.de,0,1,20,6.0,1,1,,F4320329251,,2023-06-09,2023-02-13
F4320335658,Key Laboratory for Plant Diversity and Biogeography of East Asia,CN,,,1,3,20,0,2,1,,F4320335658,,2023-06-09,2023-02-13
F4320309322,Gerry Foundation,US,,,0,1,19,0,1,1,,F4320309322,,2023-06-09,2023-02-13
F4320309345,Maggie Foundation For The Premature and Pediatric Pulmonary Patient,US,foundation in United States of America,,0,1,19,0,1,1,,F4320309345,,2023-06-09,2023-02-13
F4320309401,William and Mary Ann Wockenfuss Research Fund Endowment,US,foundation in United States of America,,0,2,19,0,1,1,,F4320309401,,2023-06-09,2023-02-13
F4320313590,Wood Kalb Foundation,US,,,1,1,19,0,1,1,,F4320313590,,2023-06-09,2023-02-13
F4320328782,Latvijas Vides Aizsardzības Fonda Administrācijas,LV,,,3,4,19,1.0,3,0,,F4320328782,,2023-06-09,2023-02-13
F4320333338,"College of Graduate Studies, University of Toledo",US,,,3,2,19,0,2,1,,F4320333338,,2023-06-09,2023-02-13
F4320335948,"Zepler Institute, University of Southampton",GB,,,1,3,19,5.0,2,1,,F4320335948,,2023-06-09,2023-02-13
F4320309430,Dr. Marius E. Johnston and Margaret Johnston Wright Memorial Trust,US,nonprofit organization in United States of America,,1,1,18,0,1,1,,F4320309430,,2023-06-09,2023-02-13
F4320315680,Cognoptix,US,,,0,1,18,0,1,1,,F4320315680,,2023-06-09,2023-02-13
F4320318428,Max Planck Institute for Software Systems,DE,computer Science research institute,https://www.mpi-sws.org,0,1,18,0,1,1,,F4320318428,,2023-06-09,2023-02-13
F4320327855,G.L. Pharma,AT,,,0,2,18,0,2,1,,F4320327855,,2023-06-09,2023-02-13
F4320333537,"West Virginia Water Research Institute, West Virginia University",US,,,1,4,18,4.0,3,0,,F4320333537,,2023-06-09,2023-02-13
F4320337236,"Graduate School of Health, University of Technology Sydney",AU,,,0,2,18,0,2,1,,F4320337236,,2023-06-09,2023-02-13
F4320309159,HCR ManorCare Gives,US,,,1,1,17,0,1,1,,F4320309159,,2023-06-09,2023-02-13
F4320310560,Associated Western Universities,US,,,0,1,17,0,1,1,,F4320310560,,2023-06-09,2023-02-13
F4320325274,Ministry of Energy and Energy Industries,TT,,,0,4,17,2.0,2,1,,F4320325274,,2023-06-09,2023-02-13
F4320325462,Teknofil,TR,,,0,1,17,0,1,1,,F4320325462,,2023-06-09,2023-02-13
F4320327750,Stichting Onderzoek Licht en Gezondheid,NL,,,1,1,17,0,1,1,,F4320327750,,2023-06-09,2023-02-13
F4320329249,"State Key Laboratory of Metamaterial Electromagnetic Modulation Technology, Kuang-Chi Institute",CN,,,2,2,17,8.0,1,1,,F4320329249,,2023-06-09,2023-02-13
F4320332876,Behavioral Neuroscience and Comparative Psychology,US,professional society in United States of America,https://www.apadivisions.org/division-6,0,1,17,0,1,1,,F4320332876,,2023-06-09,2023-02-13
F4320333342,"Baker-Nord Center for the Humanities, Case Western Reserve University",US,,,1,2,17,0,1,1,,F4320333342,,2023-06-09,2023-02-13
F4320333350,"School of Law, University of Warwick",GB,,,1,4,17,1.0,3,0,,F4320333350,,2023-06-09,2023-02-13
F4320312601,Australian Association for Research in Education,AU,professional society in Australia,https://www.aare.edu.au,1,1,16,4.0,1,1,,F4320312601,,2023-06-09,2023-02-13
F4320312707,African Fellowship Trust,ZA,,,1,2,16,0,2,1,,F4320312707,,2023-06-09,2023-02-13
F4320313120,Academy of Leisure Sciences,US,,,2,2,16,0,2,1,,F4320313120,,2023-06-09,2023-02-13
F4320314049,Bringing Theory to Practice,US,,,0,1,16,0,1,1,,F4320314049,,2023-06-09,2023-02-13
F4320315208,Strathmartine Trust,GB,,,2,3,16,7.0,2,1,,F4320315208,,2023-06-09,2023-02-13
F4320323213,Sigge Perssons och Alice Nybergs Stiftelse för Odontologisk Forskning,SE,foundation in Sweden,,1,2,16,0,2,1,,F4320323213,,2023-06-09,2023-02-13
F4320327199,Liepaja City Council,LV,,,0,1,16,0,1,1,,F4320327199,,2023-06-09,2023-02-13
F4320328299,Koninklijke Nederlandse Chemische Vereniging,NL,organization,http://www.kncv.nl,1,2,16,1.0,2,1,,F4320328299,,2023-06-09,2023-02-13
F4320329584,Sir Richard Stapley Educational Trust,GB,,,1,6,16,0.5,2,1,,F4320329584,,2023-06-09,2023-02-13
F4320329683,Soester Marie Dalgaards Foundation,DK,,,0,1,16,0,1,1,,F4320329683,,2023-06-09,2023-02-13
F4320335532,"Graduate School, Maejo University",TH,,,0,1,16,0,1,1,,F4320335532,,2023-06-09,2023-02-13
F4320335824,"Interdisciplinary Cluster for Cutting Edge Research, Shinshu University",JP,,,2,4,16,0,1,1,,F4320335824,,2023-06-09,2023-02-13
F4320313534,Save-A-Limb Fund,US,,,0,1,15,0,1,1,,F4320313534,,2023-06-09,2023-02-13
F4320313545,Community Mental Health Drug and Alcohol Research Network,AU,,,0,2,15,0,2,1,,F4320313545,,2023-06-09,2023-02-13
F4320316552,Tyrosinemia Foundation,NL,,,0,1,15,0,1,1,,F4320316552,,2023-06-09,2023-02-13
F4320318599,Propontis Foundation,GR,,,0,3,15,0,2,0,,F4320318599,,2023-06-09,2023-02-13
F4320325769,Sakakibara Heart Institute of Okayama,JP,"healthcare organization in Okayama, Japan",http://www.sakakibara-hp.com,2,5,15,1.3333333333333333,2,0,,F4320325769,,2023-06-09,2023-02-13
F4320326093,Asociación para el estudio de la Gliomatosis Cerebri infantil,ES,,,0,1,15,0,1,1,,F4320326093,,2023-06-09,2023-02-13
F4320331413,Herzog von Cumberland Stiftung,AT,,,0,1,15,0,1,1,,F4320331413,,2023-06-09,2023-02-13
F4320333529,"Maine Water Resources Research Institute, University of Maine",US,,,2,3,15,0,2,1,,F4320333529,,2023-06-09,2023-02-13
F4320336235,"China-Africa Joint Center for Research and Education, CAS",CN,,,0,2,15,6.0,2,1,,F4320336235,,2023-06-09,2023-02-13
F4320337508,Program and Site Support,US,government organization in United States of America,,2,3,15,0,1,1,,F4320337508,,2023-06-09,2023-02-13
F4320307605,Michael Fund International Foundation for Genetics Research,US,foundation in United States of America,,0,3,14,0,2,0,,F4320307605,,2023-06-09,2023-02-13
F4320316151,Northern New York Audubon,US,,,0,3,14,0,2,1,,F4320316151,,2023-06-09,2023-02-13
F4320319325,Seaside Therapeutics,US,,,0,1,14,0,1,1,,F4320319325,,2023-06-09,2023-02-13
F4320319488,Schramm Foundation,US,,,0,3,14,5.0,2,1,,F4320319488,,2023-06-09,2023-02-13
F4320328827,BAFFI CAREFIN,IT,research group,https://www.bafficarefin.unibocconi.eu,0,2,14,2.0,2,1,,F4320328827,,2023-06-09,2023-02-13
F4320329294,Tianjin Women's and Children's Health Center,CN,,,1,3,14,2.6666666666666665,3,0,,F4320329294,,2023-06-09,2023-02-13
F4320336110,Centre for Individualised Medicine in Arterial Diseases,DK,,,0,1,14,6.0,1,1,,F4320336110,,2023-06-09,2023-02-13
F4320336279,"Senter for rus- og avhengighetsforskning, Universitetet i Oslo",NO,,,2,3,14,2.3333333333333335,3,0,,F4320336279,,2023-06-09,2023-02-13
F4320306800,Phelps Stokes Fund,US,Nonprofit fund,,0,2,13,0,2,1,,F4320306800,,2023-06-09,2023-02-13
F4320313647,MGM Resorts Foundation,US,,,1,1,13,0,1,1,,F4320313647,,2023-06-09,2023-02-13
F4320314500,Fondation pour la recherche juridique,CA,,,0,1,13,5.0,1,1,,F4320314500,,2023-06-09,2023-02-13
F4320315255,Pandas Physicians Network,US,,,0,1,13,0,1,1,,F4320315255,,2023-06-09,2023-02-13
F4320316368,Geschwister Boehringer Ingelheim Stiftung für Geisteswissenschaften,DE,,,1,2,13,4.0,1,1,,F4320316368,,2023-06-09,2023-02-13
F4320323964,Carabel,IT,,,0,1,13,0,1,1,,F4320323964,,2023-06-09,2023-02-13
F4320325557,Changzhou Trina Solar Energy,CN,business enterprise in People's Republic of China,,1,1,13,5.0,1,1,,F4320325557,,2023-06-09,2023-02-13
F4320325798,Fundación Juan Ramón Guillén,ES,,,1,2,13,0,2,1,,F4320325798,,2023-06-09,2023-02-13
F4320326844,Beijing Key Laboratory of Ophthalmology and Visual Science,CN,,,1,2,13,1.0,1,1,,F4320326844,,2023-06-09,2023-02-13
F4320328334,Deutsche Hautkrebs-Stiftung,DE,,,1,1,13,0,1,1,,F4320328334,,2023-06-09,2023-02-13
F4320333152,"Department of Urology, Medical University of South Carolina",US,government organization in United States of America,,0,1,13,0,1,1,,F4320333152,,2023-06-09,2023-02-13
F4320333720,"Friedman Brain Institute, Icahn School of Medicine at Mount Sinai",US,,,0,3,13,4.0,2,0,,F4320333720,,2023-06-09,2023-02-13
F4320312758,Clinical Genetics Society,GB,,,0,1,12,4.0,1,1,,F4320312758,,2023-06-09,2023-02-13
F4320313267,Research Society for Victorian Periodicals,US,interdisciplinary group of scholars fomred in 1968,,2,2,12,0,1,1,,F4320313267,,2023-06-09,2023-02-13
F4320313457,Bernard and Anne Spitzer Foundation,US,,,1,3,12,0,1,1,,F4320313457,,2023-06-09,2023-02-13
F4320314586,Swimathon Foundation,GB,,,1,1,12,5.0,1,1,,F4320314586,,2023-06-09,2023-02-13
F4320315226,Society for Nautical Research,GB,British historical society for nautical history,http://www.snr.org.uk,1,5,12,1.25,2,0,,F4320315226,,2023-06-09,2023-02-13
F4320315240,Society for Post-Medieval Archaeology,GB,a society for the study and promotion of historical archaeology,http://www.spma.org.uk,0,1,12,0,1,1,,F4320315240,,2023-06-09,2023-02-13
F4320316936,Office of Science Engagement,US,,,0,1,12,2.0,1,1,,F4320316936,,2023-06-09,2023-02-13
F4320317646,Robert and Mary Jane Engman Foundation,US,,,1,1,12,5.0,1,1,,F4320317646,,2023-06-09,2023-02-13
F4320318406,Sankei Science Scholarship Foundation,JP,,,2,4,12,0,1,1,,F4320318406,,2023-06-09,2023-02-13
F4320318511,Petra och Karl Erik Hedborgs Stiftelse,SE,,,0,1,12,2.0,1,1,,F4320318511,,2023-06-09,2023-02-13
F4320321809,"National Advisory Council for the Handicapped, Australia",AU,government organization in Australia,,0,1,12,0,1,1,,F4320321809,,2023-06-09,2023-02-13
F4320325056,Cooperativa Farmacéutica de Tenerife,ES,professional society in Spain,,0,2,12,0,1,1,,F4320325056,,2023-06-09,2023-02-13
F4320328307,Spoedeisende Geneeskunde Onderzoeksfonds,NL,,,1,5,12,4.5,2,0,,F4320328307,,2023-06-09,2023-02-13
F4320328457,X-Bolt Orthopaedics,IE,,,0,1,12,0,1,1,,F4320328457,,2023-06-09,2023-02-13
F4320330322,Paper Manufacturers Association of South Africa,ZA,,,1,5,12,1.5,2,0,,F4320330322,,2023-06-09,2023-02-13
F4320331456,Fondation Jonas,CH,,,0,2,12,0,1,1,,F4320331456,,2023-06-09,2023-02-13
F4320333178,Foundation for Neonatal Research and Education,US,foundation in United States of America,,1,2,12,5.0,2,0,,F4320333178,,2023-06-09,2023-02-13
F4320333197,Penn State Health Children's Hospital,US,government organization in United States of America,,1,4,12,3.0,2,0,,F4320333197,,2023-06-09,2023-02-13
F4320335365,"Centre for Paediatrics and Child Health, University of Manchester",GB,academic institution in United Kingdom,,0,3,12,2.3333333333333335,2,0,,F4320335365,,2023-06-09,2023-02-13
F4320337057,"Global Challenges Doctoral Centre, University of Kent",GB,,,0,1,12,5.0,1,1,,F4320337057,,2023-06-09,2023-02-13
F4320337831,"James Buchanan Brady Urological Institute, School of Medicine, Johns Hopkins",US,,,0,3,12,3.5,2,0,,F4320337831,,2023-06-09,2023-02-13
F4320337863,EU Aid Volunteers,,,,0,3,12,2.3333333333333335,3,0,,F4320337863,,2023-06-09,2023-02-13
F4320338127,National Marine Important Charity Special Foundation of China,CN,,,1,2,12,0,2,0,,F4320338127,,2023-06-09,2023-02-13
F4320312507,International Society of Oncology and Biomarkers,GB,,,1,1,11,0,1,1,,F4320312507,,2023-06-09,2023-02-13
F4320313174,Great Lakes Hemophilia Foundation,US,foundation in United States of America,,0,2,11,3.0,2,0,,F4320313174,,2023-06-09,2023-02-13
F4320315199,Society for the Advancement of Anaesthesia in Dentistry,GB,,,0,2,11,0,2,0,,F4320315199,,2023-06-09,2023-02-13
F4320315242,Society for Caribbean Studies,GB,,,2,1,11,0,1,1,,F4320315242,,2023-06-09,2023-02-13
F4320315400,Texas Research Society on Alcoholism,US,,,0,1,11,0,1,1,,F4320315400,,2023-06-09,2023-02-13
F4320317231,Chelonian Research Foundation,US,nonprofit organization focused on chelonian diversity and conservation,http://www.chelonian.org,0,2,11,1.0,2,0,,F4320317231,,2023-06-09,2023-02-13
F4320317300,EGI Federation,,,,0,1,11,5.0,1,1,,F4320317300,,2023-06-09,2023-02-13
F4320317603,Urological Foundation,GB,,,1,2,11,1.0,2,0,,F4320317603,,2023-06-09,2023-02-13
F4320317703,MTI Biotech,US,,,1,1,11,0,1,1,,F4320317703,,2023-06-09,2023-02-13
F4320318956,National Corn Growers Association,US,,http://www.ncga.com,0,2,11,0,2,0,,F4320318956,,2023-06-09,2023-02-13
F4320325493,Jubiläumsstiftung der Mobiliar,CH,foundation in Switzerland,,0,2,11,2.0,2,0,,F4320325493,,2023-06-09,2023-02-13
F4320326003,Maud och Birger Gustavssons Stiftelser,SE,,,1,2,11,1.5,2,0,,F4320326003,,2023-06-09,2023-02-13
F4320326376,Henny og Helge Holgersens Mindelegat,DK,,,0,2,11,0,1,1,,F4320326376,,2023-06-09,2023-02-13
F4320327130,International Arctic Social Sciences Association,US,,https://iassa.org,0,1,11,0,1,1,,F4320327130,,2023-06-09,2023-02-13
F4320327230,Brial Energías,ES,,,0,1,11,0,1,1,,F4320327230,,2023-06-09,2023-02-13
F4320327666,Key Laboratory of Unmanned Aerial Vehicle Telemetry,CN,,,1,1,11,6.0,1,1,,F4320327666,,2023-06-09,2023-02-13
F4320328276,British Council France,FR,cultural center in Paris,https://www.britishcouncil.fr/en,0,1,11,4.0,1,1,,F4320328276,,2023-06-09,2023-02-13
F4320328858,Nadační Fond Martiny Roeselové,CZ,,,0,2,11,5.0,1,1,,F4320328858,,2023-06-09,2023-02-13
F4320333202,"College of Behavioral and Social Sciences, Coppin State University",US,,,1,3,11,2.0,1,1,,F4320333202,,2023-06-09,2023-02-13
F4320334530,"School for Marine Science and Technology, University of Massachusetts Dartmouth",US,,,0,1,11,5.0,1,1,,F4320334530,,2023-06-09,2023-02-13
F4320337767,URBACT,,,,0,2,11,0,2,0,,F4320337767,,2023-06-09,2023-02-13
F4320312198,Dr. M Aylwin Cotton Foundation,GB,foundation in United Kingdom,,0,1,10,0,1,1,,F4320312198,,2023-06-09,2023-02-13
F4320313563,Puget Sound Anglers,US,,,0,1,10,0,1,1,,F4320313563,,2023-06-09,2023-02-13
F4320315832,Social Science History Association,US,,http://ssha.org,0,1,10,0,1,1,,F4320315832,,2023-06-09,2023-02-13
F4320325198,A.J. Coops Stichting,NL,foundation in Netherlands,,1,1,10,0,1,1,,F4320325198,,2023-06-09,2023-02-13
F4320325849,Nanodiagnostics,IT,,,1,1,10,0,1,1,,F4320325849,,2023-06-09,2023-02-13
F4320334157,South Carolina Peanut Board,US,,,2,3,10,2.3333333333333335,2,0,,F4320334157,,2023-06-09,2023-02-13
F4320338157,Second Health Programme,,,,2,2,10,0,2,0,,F4320338157,,2023-06-09,2023-02-13
F4320338355,U.S. Army Engineer Institute for Water Resources,US,,,0,3,10,0,1,1,,F4320338355,,2023-06-09,2023-02-13
F4320312833,Vermont Agency of Agriculture Food and Markets,US,agriculture ministry (state agency) of Vermont (USA state),https://agriculture.vermont.gov,1,2,9,2.0,2,0,,F4320312833,,2023-06-09,2023-02-13
F4320313052,Palm Healthcare Foundation,US,foundation in United States of America,,1,1,9,0,1,0,,F4320313052,,2023-06-09,2023-02-13
F4320313509,Ty Cobb Educational Foundation,US,,,0,1,9,6.0,1,0,,F4320313509,,2023-06-09,2023-02-13
F4320315504,Hutton Parker Foundation,US,,,1,1,9,5.0,1,0,,F4320315504,,2023-06-09,2023-02-13
F4320316937,Crowley Family Foundation,US,,,0,1,9,3.0,1,0,,F4320316937,,2023-06-09,2023-02-13
F4320323290,Fundacja Badań i Rozwoju Nauki,PL,foundation in Poland,https://fundacjabirn.pl,1,1,9,0,1,0,,F4320323290,,2023-06-09,2023-02-13
F4320325976,Dr Åke Olssons Stiftelse För Utbildning,SE,,,0,3,9,1.5,2,0,,F4320325976,,2023-06-09,2023-02-13
F4320326436,Bytes Universal Systems,ZA,,,0,2,9,0,1,0,,F4320326436,,2023-06-09,2023-02-13
F4320328440,Asociación Española de Laboratorios de Medicamentos Huérfanos y Ultra huérfanos,ES,,,0,1,9,6.0,1,0,,F4320328440,,2023-06-09,2023-02-13
F4320333279,Lowell Institute for Mineral Resources,US,academic institution in United States of America,,0,1,9,0,1,0,,F4320333279,,2023-06-09,2023-02-13
F4320338183,"Hwa Mei Hospital, University of Chinese Academy of Sciences",CN,hospital in China,http://www.nbdeyy.com,8,3,9,2.0,2,0,,F4320338183,,2023-06-09,2023-02-13
F4320306701,Fund for Social Change,US,,,0,1,8,0,1,0,,F4320306701,,2023-06-09,2023-02-13
F4320307263,Foundation for Advancement of Chiropractic Education,US,,,2,2,8,0,1,0,,F4320307263,,2023-06-09,2023-02-13
F4320309119,Acceptys,US,,,1,1,8,0,1,0,,F4320309119,,2023-06-09,2023-02-13
F4320312605,New Zealand Association for Research in Education,NZ,New Zealand organization interested in educational research,https://www.nzare.org.nz,1,2,8,0,1,0,,F4320312605,,2023-06-09,2023-02-13
F4320313048,Whitfield Healthcare Foundation,US,foundation in United States of America,,1,1,8,0,1,0,,F4320313048,,2023-06-09,2023-02-13
F4320313126,Hemophilia Foundation of Minnesota/Dakotas,US,foundation in United States of America,,0,2,8,0,1,0,,F4320313126,,2023-06-09,2023-02-13
F4320317177,Institut d'Economia de Barcelona,ES,,,0,2,8,0,1,0,,F4320317177,,2023-06-09,2023-02-13
F4320325621,Bürger für Leukämie- und Tumorerkrankte,DE,business enterprise in Germany,,0,1,8,0,1,0,,F4320325621,,2023-06-09,2023-02-13
F4320329100,Orient Europharma,TW,,,0,1,8,7.0,1,0,,F4320329100,,2023-06-09,2023-02-13
F4320331361,University of Piraeus Research Centre,GR,,,0,8,8,0,2,0,,F4320331361,,2023-06-09,2023-02-13
F4320331694,Aptitude Health,NL,,,0,1,8,7.0,1,0,,F4320331694,,2023-06-09,2023-02-13
F4320333189,"College of Education, University of Central Arkansas",US,,,3,4,8,1.0,2,0,,F4320333189,,2023-06-09,2023-02-13
F4320333216,"College of Arts, Education, and Sciences, University of Louisiana Monroe",US,academic institution in United States of America,,1,2,8,0,1,0,,F4320333216,,2023-06-09,2023-02-13
F4320333997,Mundipharma EDO,GB,,,0,1,8,1.0,1,0,,F4320333997,,2023-06-09,2023-02-13
F4320336330,Key Laboratory of Luminescence and Optical Information,CN,,,0,1,8,3.0,1,0,,F4320336330,,2023-06-09,2023-02-13
F4320312665,Gordon Darling Foundation,AU,foundation in Australia,,0,2,7,0,1,0,,F4320312665,,2023-06-09,2023-02-13
F4320313605,South-East Scotland School of Anaesthesia,GB,,,0,2,7,2.0,1,0,,F4320313605,,2023-06-09,2023-02-13
F4320313777,Foundation For Seacoast Health,US,,,0,1,7,0,1,0,,F4320313777,,2023-06-09,2023-02-13
F4320316058,Health and Social Care Board,IE,Governing body for Health and Social Care in Northern Ireland,,0,1,7,0,1,0,,F4320316058,,2023-06-09,2023-02-13
F4320316168,Liverpool Women's NHS Foundation Trust,GB,"health provider in Liverpool, UK",https://www.liverpoolwomens.nhs.uk,2,2,7,2.0,1,0,,F4320316168,,2023-06-09,2023-02-13
F4320316203,Fondazione Cassa di Risparmio di Pesaro,IT,,,0,1,7,4.0,1,0,,F4320316203,,2023-06-09,2023-02-13
F4320316655,Sweet Water Trust,US,,,0,1,7,5.0,1,0,,F4320316655,,2023-06-09,2023-02-13
F4320317339,Indonesia Climate Change Trust Fund,ID,,,0,1,7,4.0,1,0,,F4320317339,,2023-06-09,2023-02-13
F4320317472,Tokyo Shinagawa Hospital,JP,hospital in Japan,http://www.toshiba.co.jp/hospital,0,2,7,0,2,0,,F4320317472,,2023-06-09,2023-02-13
F4320318476,Junior Seau Foundation,US,,,0,1,7,5.0,1,0,,F4320318476,,2023-06-09,2023-02-13
F4320321840,Borbos Erik Hansson Stiftelse,SE,foundation in Sweden,,0,1,7,0,1,0,,F4320321840,,2023-06-09,2023-02-13
F4320323429,Stiftung zur Förderung der Reinhold-Würth-Hochschule der Hochschule Heilbronn,DE,foundation in Germany,,4,5,7,0.6666666666666666,2,0,,F4320323429,,2023-06-09,2023-02-13
F4320325619,Dr.-Karl-Wilder-Stiftung,DE,foundation in Germany,,0,2,7,0,2,0,,F4320325619,,2023-06-09,2023-02-13
F4320326244,Agios Savvas Regional Cancer Hospital,GR,"hospital in Athens, Greece",http://www.agsavvas-hosp.gr,0,1,7,0,1,0,,F4320326244,,2023-06-09,2023-02-13
F4320327126,Zveza Ribiških Družin Primorske,SI,,,0,1,7,0,1,0,,F4320327126,,2023-06-09,2023-02-13
F4320327427,Societatea Națională de Gaze Naturale Romgaz,RO,,,0,1,7,0,1,0,,F4320327427,,2023-06-09,2023-02-13
F4320329963,UCL Cancer Institute,GB,research centre in the UK,https://www.ucl.ac.uk/cancer,0,1,7,3.0,1,0,,F4320329963,,2023-06-09,2023-02-13
F4320333553,University of Texas Medical Branch Center for Environmental Toxicology,US,,,0,3,7,2.0,2,0,,F4320333553,,2023-06-09,2023-02-13
F4320334258,"Museum of Natural Science, Louisiana State University",US,,,0,1,7,0,1,0,,F4320334258,,2023-06-09,2023-02-13
F4320307522,AJCC Research Foundation,US,,,0,1,6,0,1,0,,F4320307522,,2023-06-09,2023-02-13
F4320309235,Elizabeth McCormick Memorial Fund,US,foundation in United States of America,,1,3,6,0,1,0,,F4320309235,,2023-06-09,2023-02-13
F4320309246,Herman A. and Amelia S. Ehrmann Foundation,US,foundation in United States of America,,0,1,6,0,1,0,,F4320309246,,2023-06-09,2023-02-13
F4320310995,Fundación da Enxeñería Civil de Galicia,ES,foundation in Spain,,1,1,6,0,1,0,,F4320310995,,2023-06-09,2023-02-13
F4320311817,Fondation Andreas P. Naef pour la Chirurgie Thoracique,CH,foundation in Switzerland,,0,1,6,0,1,0,,F4320311817,,2023-06-09,2023-02-13
F4320313190,Jane Tomlinson Appeal,GB,foundation in United Kingdom,,0,4,6,0.5,1,0,,F4320313190,,2023-06-09,2023-02-13
F4320314857,Lehigh Valley Community Foundation,US,,,0,1,6,4.0,1,0,,F4320314857,,2023-06-09,2023-02-13
F4320315331,"U.S. Army Medical Department Center and School, Health Readiness Center of Excellence",US,,,2,3,6,0.5,2,0,,F4320315331,,2023-06-09,2023-02-13
F4320315790,Soyfoods Association of North America,US,,,0,1,6,0,1,0,,F4320315790,,2023-06-09,2023-02-13
F4320315860,Altius,CA,,,0,2,6,0.5,2,0,,F4320315860,,2023-06-09,2023-02-13
F4320317627,Pelvalon,US,,,0,1,6,0,1,0,,F4320317627,,2023-06-09,2023-02-13
F4320318165,Association for the Treatment of Sexual Abusers,US,non-profit organization preventing sexual abuse,https://www.atsa.com,1,3,6,1.0,2,0,,F4320318165,,2023-06-09,2023-02-13
F4320326039,Walther Blohm Stiftung,DE,,,0,1,6,0,1,0,,F4320326039,,2023-06-09,2023-02-13
F4320326560,Instituto Nacional de Ciência e Tecnologia Controle Biorracional de Insetos Pragas,BR,,,0,2,6,1.0,1,0,,F4320326560,,2023-06-09,2023-02-13
F4320327538,Zhuhai Collaborative Innovation Center of Healthy Management of Rail Transportation,CN,,,1,2,6,0,1,0,,F4320327538,,2023-06-09,2023-02-13
F4320328755,Shenzhen Metro Group,CN,,,0,1,6,4.0,1,0,,F4320328755,,2023-06-09,2023-02-13
F4320328993,Optics and Photonics Society of Singapore,SG,,,0,1,6,3.0,1,0,,F4320328993,,2023-06-09,2023-02-13
F4320330438,Solar-Terrestrial Centre of Excellence,BE,,,0,2,6,1.5,1,0,,F4320330438,,2023-06-09,2023-02-13
F4320332059,Limpopo Department of Agriculture and Rural Development,ZA,,,0,3,6,5.0,1,0,,F4320332059,,2023-06-09,2023-02-13
F4320333698,ACS Division of Biological Chemistry,US,,,0,1,6,1.0,1,0,,F4320333698,,2023-06-09,2023-02-13
F4320334533,Zentrum für Mikrobiomforschung,DE,,,0,1,6,4.0,1,0,,F4320334533,,2023-06-09,2023-02-13
F4320335538,"Leonid Nevzlin Research Center for Russian and East European Jewry, Hebrew University of Jerusalem",IL,,,0,1,6,0,1,0,,F4320335538,,2023-06-09,2023-02-13
F4320306294,Community Health Charities of Maryland,US,,,1,3,5,1.5,1,0,,F4320306294,,2023-06-09,2023-02-13
F4320306747,Stephen and Tabitha King Foundation,US,foundation in United States of America,,0,1,5,3.0,1,0,,F4320306747,,2023-06-09,2023-02-13
F4320309265,St. Anthony 1907 Foundation,US,foundation in United States of America,,0,2,5,1.0,1,0,,F4320309265,,2023-06-09,2023-02-13
F4320312035,New Zealand Feijoa Growers Association,NZ,professional society in New Zealand,,0,2,5,0.5,1,0,,F4320312035,,2023-06-09,2023-02-13
F4320312405,American Society of Mining and Reclamation,US,organization,http://www.asmr.us,1,1,5,0,1,0,,F4320312405,,2023-06-09,2023-02-13
F4320313040,Texas Kidney Foundation,US,foundation in United States of America,,0,1,5,4.0,1,0,,F4320313040,,2023-06-09,2023-02-13
F4320313181,Fundación María Josefa Recio,ES,foundation in Spain,,0,1,5,0,1,0,,F4320313181,,2023-06-09,2023-02-13
F4320313430,Catherine and Joseph Aresty Foundation,US,,,0,1,5,4.0,1,0,,F4320313430,,2023-06-09,2023-02-13
F4320313749,Taser International,US,"American developer, manufacturer, and distributor",https://global.axon.com,0,2,5,1.0,1,0,,F4320313749,,2023-06-09,2023-02-13
F4320313754,Scottish Microbiology Association,GB,,,0,1,5,0,1,0,,F4320313754,,2023-06-09,2023-02-13
F4320313965,Association of Catholic Colleges and Universities,US,organization of Catholic institutions in the United States,http://www.accunet.org,1,1,5,0,1,0,,F4320313965,,2023-06-09,2023-02-13
F4320314531,Association of Exotic Mammal Veterinarians,US,,,0,3,5,1.0,1,0,,F4320314531,,2023-06-09,2023-02-13
F4320314655,Massachusetts Medical Society and Alliance Charitable Foundation,US,,,0,2,5,4.0,1,0,,F4320314655,,2023-06-09,2023-02-13
F4320314669,Rhode Island State Council on the Arts,US,,,0,2,5,0,2,0,,F4320314669,,2023-06-09,2023-02-13
F4320315008,North Carolina Preservation Consortium,US,,,1,1,5,0,1,0,,F4320315008,,2023-06-09,2023-02-13
F4320315042,Arnold and Anita Silber Family Foundation,CA,,,0,1,5,2.0,1,0,,F4320315042,,2023-06-09,2023-02-13
F4320315160,International Union of Soil Scientists,AT,,,1,1,5,3.0,1,0,,F4320315160,,2023-06-09,2023-02-13
F4320315393,Irish Association for Cancer Research,IE,,,1,1,5,2.0,1,0,,F4320315393,,2023-06-09,2023-02-13
F4320315567,Kayamori Foundation of Informational Science,JP,,,1,8,5,0.75,1,0,,F4320315567,,2023-06-09,2023-02-13
F4320315925,Quahog Bay Conservancy,US,,,0,1,5,0,1,0,,F4320315925,,2023-06-09,2023-02-13
F4320315935,APDT Foundation,US,,,0,1,5,1.0,1,0,,F4320315935,,2023-06-09,2023-02-13
F4320316102,"Nanomaterials Microdevices Research Center, Osaka Institute of Technology",JP,,,1,3,5,1.0,1,0,,F4320316102,,2023-06-09,2023-02-13
F4320316362,Research Institute of Mongolian Medicine of Inner Mongolia Autonomous Region,CN,,,4,5,5,0.6,1,0,,F4320316362,,2023-06-09,2023-02-13
F4320317466,Qmed,US,,,0,1,5,2.0,1,0,,F4320317466,,2023-06-09,2023-02-13
F4320317848,David Center for the American Revolution,US,,,0,1,5,0,1,0,,F4320317848,,2023-06-09,2023-02-13
F4320318773,Instituto Nacional de Ciência e Tecnologia em Tuberculose,BR,,,4,3,5,0,1,0,,F4320318773,,2023-06-09,2023-02-13
F4320326067,"Presidente della Regione, Regione Siciliana",IT,,,1,1,5,0,1,0,,F4320326067,,2023-06-09,2023-02-13
F4320326463,Swiss Barcode Of Life,CH,,,1,1,5,4.0,1,0,,F4320326463,,2023-06-09,2023-02-13
F4320328013,Fundação Uniselva,BR,,,0,2,5,2.0,2,0,,F4320328013,,2023-06-09,2023-02-13
F4320330683,National Association of Women in Construction,AU,,,0,1,5,4.0,1,0,,F4320330683,,2023-06-09,2023-02-13
F4320333088,"Lumpkin College of Business and Applied Sciences, Eastern Illinois University",US,academic institution in United States of America,,1,1,5,4.0,1,0,,F4320333088,,2023-06-09,2023-02-13
F4320334066,Arm and Hammer Animal Nutrition,US,,,0,1,5,0,1,0,,F4320334066,,2023-06-09,2023-02-13
F4320334336,"HjärtLung Uppsala, Länsföreningen",SE,,,4,5,5,0,1,0,,F4320334336,,2023-06-09,2023-02-13
F4320335959,Mundipharma (China) Pharmaceutical,CN,,,0,2,5,1.0,2,0,,F4320335959,,2023-06-09,2023-02-13
F4320338504,Nathan A. Womack Surgical Society,US,,,0,1,5,2.0,1,0,,F4320338504,,2023-06-09,2023-02-13
F4320309817,Stiftelsen Carl o Thecla Lambergs Fond,SE,foundation in Sweden,,1,1,4,0,1,0,,F4320309817,,2023-06-09,2023-02-13
F4320312846,Society of Obstetric Medicine of Australia and New Zealand,AU,professional society in Australia,,1,1,4,0,1,0,,F4320312846,,2023-06-09,2023-02-13
F4320313522,Gordon and Rose McAlpine Foundation for Neuroscience Research,US,,,0,2,4,0,1,0,,F4320313522,,2023-06-09,2023-02-13
F4320313658,New Mexico Health Enhancement and Marathon Clinics Research Foundation,US,,,2,5,4,0,1,0,,F4320313658,,2023-06-09,2023-02-13
F4320314169,Institute for Health Care Improvement,US,scientific article published on 01 June 2000,,2,3,4,0.6666666666666666,1,0,,F4320314169,,2023-06-09,2023-02-13
F4320314762,Institute for Challenging Disorganization,US,,,0,1,4,2.0,1,0,,F4320314762,,2023-06-09,2023-02-13
F4320314838,Kendrick Foundation,US,,,0,2,4,1.0,1,0,,F4320314838,,2023-06-09,2023-02-13
F4320315276,Australian Physiological Society,AU,,http://aups.org.au,0,1,4,3.0,1,0,,F4320315276,,2023-06-09,2023-02-13
F4320315534,Arbeiterkammer Oberösterreich,AT,,https://ooe.arbeiterkammer.at,1,2,4,0.5,1,0,,F4320315534,,2023-06-09,2023-02-13
F4320315698,Friends of the Royal Saskatchewan Museum,CA,,,0,1,4,1.0,1,0,,F4320315698,,2023-06-09,2023-02-13
F4320315848,BASO ~ The Association for Cancer Surgery,GB,organisation for specialists and academics who are concerned with surgical treatments for malignant cancers,https://baso.org.uk,0,3,4,1.5,1,0,,F4320315848,,2023-06-09,2023-02-13
F4320316430,CellSeed,JP,,http://www.cellseed.com,0,2,4,0,2,0,,F4320316430,,2023-06-09,2023-02-13
F4320316741,War Related Illness and Injury Study Center,US,,,3,2,4,1.0,1,0,,F4320316741,,2023-06-09,2023-02-13
F4320316970,Suruhanjaya Komunikasi dan Multimedia Malaysia,MY,Malaysian Government agency,http://www.mcmc.gov.my,3,3,4,0,2,0,,F4320316970,,2023-06-09,2023-02-13
F4320317586,Fundación Egidio Feruglio,AR,,,0,1,4,3.0,1,0,,F4320317586,,2023-06-09,2023-02-13
F4320317753,Cullen Trust for Health Care,US,,,0,3,4,0,1,0,,F4320317753,,2023-06-09,2023-02-13
F4320317757,American Association of Feline Practitioners,US,,,0,1,4,0,1,0,,F4320317757,,2023-06-09,2023-02-13
F4320319012,Fundació Oncolliga Girona,ES,,,0,1,4,0,1,0,,F4320319012,,2023-06-09,2023-02-13
F4320319590,Laurie Landeau Foundation,US,,,0,1,4,0,1,0,,F4320319590,,2023-06-09,2023-02-13
F4320321731,Aalborg Samarbejdet,DK,,,0,2,4,0,1,0,,F4320321731,,2023-06-09,2023-02-13
F4320325118,Christina Bergmann Stiftung,DE,foundation in Germany,,0,1,4,0,1,0,,F4320325118,,2023-06-09,2023-02-13
F4320325597,Stiftelsen Nilsson-Aschans Stipendiefond,SE,foundation in Sweden,,0,1,4,0,1,0,,F4320325597,,2023-06-09,2023-02-13
F4320328445,Instituto Internacional de Sociología Jurídica de Oñati,ES,,https://www.iisj.net,3,3,4,0.5,2,0,,F4320328445,,2023-06-09,2023-02-13
F4320328730,Bureau of Forestry and Landscaping of Guangzhou Municipality,CN,,,0,1,4,0,1,0,,F4320328730,,2023-06-09,2023-02-13
F4320328900,Qinghai Provincial Key Laboratory of Crop Molecular Breeding,CN,,,3,1,4,2.0,1,0,,F4320328900,,2023-06-09,2023-02-13
F4320329405,Österreichische Gesellschaft für Knochen- und Mineralstoffwechsel,AT,,,0,1,4,2.0,1,0,,F4320329405,,2023-06-09,2023-02-13
F4320330573,Pussycat Foundation,US,,,0,1,4,3.0,1,0,,F4320330573,,2023-06-09,2023-02-13
F4320331090,Basic Scientific Foundation of Guangxi Institute of Public Welfare Scientific Research,CN,,,2,1,4,0,1,0,,F4320331090,,2023-06-09,2023-02-13
F4320331091,State Key Laboratory of Large Yellow Croaker Breeding,CN,,,2,2,4,1.0,1,0,,F4320331091,,2023-06-09,2023-02-13
F4320331120,Romanian Young Academy,RO,,https://rya.org.ro/home,0,1,4,2.0,1,0,,F4320331120,,2023-06-09,2023-02-13
F4320331309,Concert Translational Cancer Research Centre,AU,,,1,1,4,2.0,1,0,,F4320331309,,2023-06-09,2023-02-13
F4320331843,Fondazione Nadia Valsecchi,IT,,,0,1,4,0,1,0,,F4320331843,,2023-06-09,2023-02-13
F4320333381,"Nuclear Power Institute, Texas A and M University",US,,,0,3,4,0,1,0,,F4320333381,,2023-06-09,2023-02-13
F4320333775,Chevron Oronite Company,US,,,0,1,4,0,1,0,,F4320333775,,2023-06-09,2023-02-13
F4320333955,"Department of Neurology and Neurosurgery, Johns Hopkins University",US,,,1,1,4,2.0,1,0,,F4320333955,,2023-06-09,2023-02-13
F4320334203,Walter Bradley Center for Natural and Artificial Intelligence,US,,,1,2,4,0,2,0,,F4320334203,,2023-06-09,2023-02-13
F4320334269,"Center for Educational Transformation, University of Northern Iowa",US,,,2,2,4,0,1,0,,F4320334269,,2023-06-09,2023-02-13
F4320334314,"College of Liberal Arts and Human Sciences, Virginia Tech",US,,,0,2,4,3.0,1,0,,F4320334314,,2023-06-09,2023-02-13
F4320334444,"School of Medicine and Health Sciences, George Washington University",US,,,0,5,4,3.0,1,0,,F4320334444,,2023-06-09,2023-02-13
F4320334582,"McDonnell Center for Cellular and Molecular Neurobiology, Washington University in St. Louis",US,,,0,1,4,0,1,0,,F4320334582,,2023-06-09,2023-02-13
F4320335760,Centre for Bio-composite and Biomaterial Processing,CA,,,0,1,4,0,1,0,,F4320335760,,2023-06-09,2023-02-13
F4320336312,Biocontrol Engineering Laboratory of Crop Diseases and Pests of Gansu Province,CN,,,0,2,4,0,1,0,,F4320336312,,2023-06-09,2023-02-13
F4320336692,Water Information Research and Development Alliance,AU,,,0,1,4,3.0,1,0,,F4320336692,,2023-06-09,2023-02-13
F4320337048,"Office of the Vice-President for Research and Development, Hong Kong University of Science and Technology",HK,,,2,4,4,0,1,0,,F4320337048,,2023-06-09,2023-02-13
F4320337698,"Department of Anthropology, History and Social Medicine, University of California, San Francisco",US,government organization in United States of America,,0,2,4,2.0,1,0,,F4320337698,,2023-06-09,2023-02-13
F4320306560,Acacia Foundation,US,,,0,1,3,3.0,1,0,,F4320306560,,2023-06-09,2023-02-13
F4320307410,Patton Charitable Foundation,US,foundation in United States of America,,0,2,3,0,1,0,,F4320307410,,2023-06-09,2023-02-13
F4320309283,Junior League For Pleasantville Cottage School,US,nonprofit organization in United States of America,,0,1,3,0,1,0,,F4320309283,,2023-06-09,2023-02-13
F4320311844,Bolu Bağışçılar Vakfı,TR,foundation in Turkey,,1,1,3,0,1,0,,F4320311844,,2023-06-09,2023-02-13
F4320312502,Association of Physician Assistants in Oncology,US,,,0,2,3,1.0,1,0,,F4320312502,,2023-06-09,2023-02-13
F4320312547,British Society for Cardiovascular Research,GB,scientific article published on 01 September 2008,,0,1,3,0,1,0,,F4320312547,,2023-06-09,2023-02-13
F4320313277,Society for the History of Natural History,GB,British learned society,http://shnh.org.uk,1,2,3,0,1,0,,F4320313277,,2023-06-09,2023-02-13
F4320313628,Heritage New Zealand Pouhere Taonga,NZ,Crown entity of New Zealand,https://www.historic.org.nz,1,1,3,2.0,1,0,,F4320313628,,2023-06-09,2023-02-13
F4320313741,Patchett Foundation,US,,,1,1,3,0,1,0,,F4320313741,,2023-06-09,2023-02-13
F4320314060,Canadian Association of College and University Student Services,CA,,,1,1,3,0,1,0,,F4320314060,,2023-06-09,2023-02-13
F4320314671,Society for the Study of the Indigenous Languages of the Americas,US,,http://ssila.org,1,1,3,0,1,0,,F4320314671,,2023-06-09,2023-02-13
F4320314740,Mat-Su Health Foundation,US,,,1,2,3,1.0,1,0,,F4320314740,,2023-06-09,2023-02-13
F4320315004,South Dakota Arts Council,US,state government agency for arts information and grants,http://artscouncil.sd.gov,1,2,3,0,1,0,,F4320315004,,2023-06-09,2023-02-13
F4320315368,Herberger Institute for Design and the Arts,US,Part of Arizona State University,https://herbergerinstitute.asu.edu,0,2,3,0,1,0,,F4320315368,,2023-06-09,2023-02-13
F4320315506,Idaho Community Foundation,US,,,0,1,3,0,1,0,,F4320315506,,2023-06-09,2023-02-13
F4320315624,Wise Earth,AU,,,0,1,3,1.0,1,0,,F4320315624,,2023-06-09,2023-02-13
F4320316377,International Association of Heat and Frost Insulators and Allied Workers,US,,http://www.insulators.org,0,1,3,0,1,0,,F4320316377,,2023-06-09,2023-02-13
F4320317214,Midwest Regional Turf Foundation,US,,,0,2,3,0,1,0,,F4320317214,,2023-06-09,2023-02-13
F4320317340,Nuclear Regulatory Agency,BG,state institution of Bulgaria,https://bnra.bg,1,1,3,2.0,1,0,,F4320317340,,2023-06-09,2023-02-13
F4320319055,Cerveau Technologies,US,,,0,2,3,0,1,0,,F4320319055,,2023-06-09,2023-02-13
F4320319466,Sherwood Foundation,US,,,1,2,3,0,1,0,,F4320319466,,2023-06-09,2023-02-13
F4320319496,Indiana University Foundation,US,,,1,2,3,0,1,0,,F4320319496,,2023-06-09,2023-02-13
F4320319505,Hubbard Broadcasting Foundation,US,,,0,1,3,1.0,1,0,,F4320319505,,2023-06-09,2023-02-13
F4320325676,Nissin Sugar,JP,,https://www.nissin-sugar.co.jp,0,2,3,0,1,0,,F4320325676,,2023-06-09,2023-02-13
F4320325837,Internationale Graduiertenschule in BioNanoTechnologie,AT,,,0,1,3,0,1,0,,F4320325837,,2023-06-09,2023-02-13
F4320327817,FP Pharmaceutical Corporation,JP,,,1,2,3,2.0,1,0,,F4320327817,,2023-06-09,2023-02-13
F4320328204,Yoba for Life Foundation,NL,,,0,1,3,2.0,1,0,,F4320328204,,2023-06-09,2023-02-13
F4320328221,Ajuntament de Badalona,ES,local government in Spain,http://badalona.cat,1,1,3,1.0,1,0,,F4320328221,,2023-06-09,2023-02-13
F4320329280,Prokhorov General Physics Institute of the Russian Academy of Sciences,RU,,,0,1,3,0,1,0,,F4320329280,,2023-06-09,2023-02-13
F4320329512,Changbai Mountain Academy of Sciences,CN,,,1,1,3,1.0,1,0,,F4320329512,,2023-06-09,2023-02-13
F4320329672,"Latvijas Tirgotāju Savienība, SIA",LV,,,0,1,3,0,1,0,,F4320329672,,2023-06-09,2023-02-13
F4320330218,National Wine and Grape Industry Centre,AU,,,0,2,3,0,1,0,,F4320330218,,2023-06-09,2023-02-13
F4320330477,Key Laboratory of Coast Ocean Resources Development and Environment Security,CN,,,2,2,3,0,1,0,,F4320330477,,2023-06-09,2023-02-13
F4320330957,Angela Wright Bennett Foundation,AU,,,0,3,3,1.0,1,0,,F4320330957,,2023-06-09,2023-02-13
F4320331301,Hunter Family Foundation,CA,,,0,1,3,0,1,0,,F4320331301,,2023-06-09,2023-02-13
F4320331378,Delta-NTU Corporate Laboratory for Cyber-Physical Systems,SG,,,0,1,3,1.0,1,0,,F4320331378,,2023-06-09,2023-02-13
F4320331748,Breast Cancer Ireland,IE,,,1,1,3,1.0,1,0,,F4320331748,,2023-06-09,2023-02-13
F4320331920,Westpac Foundation,AU,,,0,1,3,0,1,0,,F4320331920,,2023-06-09,2023-02-13
F4320331950,Pokhara University Research Center,NP,,,2,4,3,0.5,1,0,,F4320331950,,2023-06-09,2023-02-13
F4320332960,"Sports Health and Performance Institute, Ohio State University",US,government organization in United States of America,,0,2,3,0,1,0,,F4320332960,,2023-06-09,2023-02-13
F4320333723,ACS Division of Environmental Chemistry,US,,,1,1,3,0,1,0,,F4320333723,,2023-06-09,2023-02-13
F4320333792,"Research Services Council, University of Nebraska Kearney",US,,,1,1,3,0,1,0,,F4320333792,,2023-06-09,2023-02-13
F4320336047,"R C Bose Centre for Cryptology and Security, Indian Statistical Institute",IN,,,0,1,3,0,1,0,,F4320336047,,2023-06-09,2023-02-13
F4320336090,Institute of Quality and Knowledge Advancement,MY,,,1,2,3,1.0,1,0,,F4320336090,,2023-06-09,2023-02-13
F4320336764,"Faculty of Communication and Design, Ryerson University",CA,,,0,1,3,2.0,1,0,,F4320336764,,2023-06-09,2023-02-13
F4320337892,"Southeastern SunGrant Center, Institute of Agriculture, University of Tennessee",US,,,0,1,3,3.0,1,0,,F4320337892,,2023-06-09,2023-02-13
F4320338105,Canadian Institute for Telecommunications Research,CA,,,0,1,3,0,1,0,,F4320338105,,2023-06-09,2023-02-13
F4320310470,Global Photonic Energy Corporation,US,,,1,1,2,0,1,0,,F4320310470,,2023-06-09,2023-02-13
F4320312485,Association Canadienne de Pharmacie en Oncologie,CA,professional society in Canada,,1,2,2,1.0,1,0,,F4320312485,,2023-06-09,2023-02-13
F4320312542,British Society of Aesthetics,GB,philosophical organization founded in 1960 to promote the study of aesthetics,http://british-aesthetics.org,0,4,2,0,1,0,,F4320312542,,2023-06-09,2023-02-13
F4320312772,East Grinstead Medical Research Trust,GB,nonprofit organization in United Kingdom,,1,1,2,0,1,0,,F4320312772,,2023-06-09,2023-02-13
F4320312971,British Sjögren's Syndrome Association,GB,"nonprofit organization in Birmingham, United Kingdom",https://www.bssa.uk.net,0,1,2,0,1,0,,F4320312971,,2023-06-09,2023-02-13
F4320313128,Hemophilia of North Carolina,US,,,0,1,2,0,1,0,,F4320313128,,2023-06-09,2023-02-13
F4320313166,American Healthcare Radiology Administrators,US,,,0,1,2,0,1,0,,F4320313166,,2023-06-09,2023-02-13
F4320314051,National Association for Campus Activities Foundation,US,,,0,1,2,2.0,1,0,,F4320314051,,2023-06-09,2023-02-13
F4320314133,Instituto do Ambiente e Desenvolvimento,PT,,,1,1,2,0,1,0,,F4320314133,,2023-06-09,2023-02-13
F4320314304,Frank and Lydia Bergen Foundation,US,,,0,1,2,0,1,0,,F4320314304,,2023-06-09,2023-02-13
F4320314376,Foundation of the American Institute for Conservation of Historic and Artistic Works,US,,,0,2,2,0,1,0,,F4320314376,,2023-06-09,2023-02-13
F4320314422,American Association for the History of Nursing,US,,,0,1,2,0,1,0,,F4320314422,,2023-06-09,2023-02-13
F4320314600,South African Litchi Growers' Association,ZA,,,0,2,2,1.0,1,0,,F4320314600,,2023-06-09,2023-02-13
F4320314839,Allen Whitehill Clowes Charitable Foundation,US,"organization in Indianapolis, United States",https://www.awclowescf.org,1,1,2,0,1,0,,F4320314839,,2023-06-09,2023-02-13
F4320314876,Indiana Arts Commission,US,,,0,1,2,0,1,0,,F4320314876,,2023-06-09,2023-02-13
F4320314877,Arts Council of Indianapolis,US,,https://indyarts.org,0,1,2,0,1,0,,F4320314877,,2023-06-09,2023-02-13
F4320314913,D. Kim Foundation,US,,,0,3,2,0,1,0,,F4320314913,,2023-06-09,2023-02-13
F4320315221,Association for the History of Glass,GB,,,0,1,2,0,1,0,,F4320315221,,2023-06-09,2023-02-13
F4320315249,Design History Society,GB,organization that promotes and supports the study of design histories,https://www.designhistorysociety.org,0,2,2,0,1,0,,F4320315249,,2023-06-09,2023-02-13
F4320316017,Lester and Sue Smith Foundation,US,,,0,1,2,0,1,0,,F4320316017,,2023-06-09,2023-02-13
F4320316926,Schultz Family Foundation,US,,,0,1,2,0,1,0,,F4320316926,,2023-06-09,2023-02-13
F4320316947,Rumsfeld Foundation,US,,,0,1,2,0,1,0,,F4320316947,,2023-06-09,2023-02-13
F4320316959,Shenzhen Center for Health Information,CN,,,0,2,2,1.0,1,0,,F4320316959,,2023-06-09,2023-02-13
F4320317032,Nippon Zenyaku Kogyo,JP,,http://www.zenoaq.jp/index.html,0,1,2,2.0,1,0,,F4320317032,,2023-06-09,2023-02-13
F4320317113,IO DATA Foundation,JP,,,0,1,2,1.0,1,0,,F4320317113,,2023-06-09,2023-02-13
F4320317467,Health Net Federal Services,US,,,0,1,2,0,1,0,,F4320317467,,2023-06-09,2023-02-13
F4320317604,National Broiler Industrial and Technology System,CN,,,3,4,2,1.0,1,0,,F4320317604,,2023-06-09,2023-02-13
F4320317908,Golf Course Superintendents Association of America,US,golf organization that has its focus on golf course management,http://www.gcsaa.org,0,1,2,0,1,0,,F4320317908,,2023-06-09,2023-02-13
F4320317927,Pennsylvania Lions Sight Conservation and Eye Research Foundation,US,,,0,3,2,0,1,0,,F4320317927,,2023-06-09,2023-02-13
F4320317937,Fuji Pharma,JP,,https://www.fujipharma.jp,0,1,2,2.0,1,0,,F4320317937,,2023-06-09,2023-02-13
F4320317961,Sarawak Energy,MY,Malaysian energy company based in Sarawak,https://www.sarawakenergy.com,1,1,2,2.0,1,0,,F4320317961,,2023-06-09,2023-02-13
F4320318152,Association for Leadership Science in Nursing,US,,,0,1,2,0,1,0,,F4320318152,,2023-06-09,2023-02-13
F4320318197,Malaysia Digital Economy Corporation,MY,Malaysian government-linked company,http://www.mdec.my,0,1,2,2.0,1,0,,F4320318197,,2023-06-09,2023-02-13
F4320318352,Bernd Thies-Stiftung,CH,,,0,2,2,1.0,1,0,,F4320318352,,2023-06-09,2023-02-13
F4320318492,Erik og Susanna Olesens Almenvelgørende Fond,DK,,,0,3,2,1.0,1,0,,F4320318492,,2023-06-09,2023-02-13
F4320318520,Stiftelsen Serafimerlasarettet,SE,,,0,1,2,2.0,1,0,,F4320318520,,2023-06-09,2023-02-13
F4320319298,"Fundación Inocente, Inocente",ES,,,2,2,2,0,1,0,,F4320319298,,2023-06-09,2023-02-13
F4320319712,IDSA Foundation,US,,,0,2,2,0,1,0,,F4320319712,,2023-06-09,2023-02-13
F4320319737,XtalPi,US,,,0,1,2,0,1,0,,F4320319737,,2023-06-09,2023-02-13
F4320322229,Fondation du Barreau du Québec,CA,foundation in Canada,,0,3,2,0,1,0,,F4320322229,,2023-06-09,2023-02-13
F4320325672,Stichting Esdégé-Reigersdaal,NL,,,0,1,2,0,1,0,,F4320325672,,2023-06-09,2023-02-13
F4320325758,Johs. I. Svanholms Fond,NO,,,1,1,2,0,1,0,,F4320325758,,2023-06-09,2023-02-13
F4320326112,Poultry Industry Association New Zealand,NZ,,,0,1,2,0,1,0,,F4320326112,,2023-06-09,2023-02-13
F4320326328,Direktør Einar Hansen og hustru fru Vera Hansens Fond,DK,,,0,1,2,1.0,1,0,,F4320326328,,2023-06-09,2023-02-13
F4320326385,Nederlandse Vereniging voor Medische Microbiologie,NL,society,https://www.nvmm.nl,0,1,2,0,1,0,,F4320326385,,2023-06-09,2023-02-13
F4320327171,"State Key Laboratory of Vibration, Shock and Noise",CN,,,1,1,2,2.0,1,0,,F4320327171,,2023-06-09,2023-02-13
F4320328388,Mirae Asset Global Investments,KR,,,0,3,2,0,1,0,,F4320328388,,2023-06-09,2023-02-13
F4320328451,Sociedad Española de Glaucoma,ES,,,0,1,2,0,1,0,,F4320328451,,2023-06-09,2023-02-13
F4320328866,Khanty-Mansiysk Autonomous Okrug – Ugra,RU,federal subject of Russia,http://www.admhmao.ru,2,1,2,0,1,0,,F4320328866,,2023-06-09,2023-02-13
F4320328878,Cultural Relics Protection Research Project of Hubei Reservoir Area of South-North Water Diversion Foundation,CN,,,2,2,2,0,1,0,,F4320328878,,2023-06-09,2023-02-13
F4320328879,Chinese University Basal Research Fund Program,CN,,,0,1,2,0,1,0,,F4320328879,,2023-06-09,2023-02-13
F4320328892,SSO Foundation,US,,,0,1,2,0,1,0,,F4320328892,,2023-06-09,2023-02-13
F4320328922,Key Laboratory of Hunan Province—“Energy Saving Control and Safety Monitoring of Rail Transportation,CN,,,2,2,2,0,1,0,,F4320328922,,2023-06-09,2023-02-13
F4320329171,FORGE Hydrocarbons,CA,,,2,2,2,1.0,1,0,,F4320329171,,2023-06-09,2023-02-13
F4320329195,Ministry of Interior Qatar,QA,,,1,1,2,1.0,1,0,,F4320329195,,2023-06-09,2023-02-13
F4320329290,China Ship Scientific Research Center,CN,,,1,1,2,0,1,0,,F4320329290,,2023-06-09,2023-02-13
F4320329314,Mercy Foundation,AU,,,1,2,2,0,1,0,,F4320329314,,2023-06-09,2023-02-13
F4320329680,Association of Scientific Orientation and Specialization,FR,,,0,1,2,1.0,1,0,,F4320329680,,2023-06-09,2023-02-13
F4320329826,Interchain Stiftung,CH,,,0,1,2,0,1,0,,F4320329826,,2023-06-09,2023-02-13
F4320329882,Guangdong Esophageal Cancer Research Institute,CN,,,2,4,2,0,1,0,,F4320329882,,2023-06-09,2023-02-13
F4320329975,Hibernia Management and Development Company,CA,,,1,2,2,0,1,0,,F4320329975,,2023-06-09,2023-02-13
F4320330416,Beijing Rural Landscape Planning and Design Engineering Technology Research Center,CN,,,1,1,2,1.0,1,0,,F4320330416,,2023-06-09,2023-02-13
F4320330604,Arrell Family Foundation,CA,,,0,3,2,0,1,0,,F4320330604,,2023-06-09,2023-02-13
F4320330888,VeChain Foundation,SG,,,1,3,2,0,1,0,,F4320330888,,2023-06-09,2023-02-13
F4320331059,State Key Laboratory of Intelligent Manufacturing System Technology for Complex Products,CN,,,1,2,2,0,1,0,,F4320331059,,2023-06-09,2023-02-13
F4320331105,TenNor Therapeutics,CN,,,0,1,2,0,1,0,,F4320331105,,2023-06-09,2023-02-13
F4320331147,Centre for Earth Observation Instrumentation,GB,,,0,1,2,2.0,1,0,,F4320331147,,2023-06-09,2023-02-13
F4320331374,Choices International Foundation,NL,,,0,1,2,0,1,0,,F4320331374,,2023-06-09,2023-02-13
F4320331533,Royal Society Queensland,AU,,,1,1,2,0,1,0,,F4320331533,,2023-06-09,2023-02-13
F4320331640,Swiss Re Institute,CH,,,1,1,2,0,1,0,,F4320331640,,2023-06-09,2023-02-13
F4320331853,Thrombosis and Haemostasis Society of Australia and New Zealand,AU,,,0,1,2,0,1,0,,F4320331853,,2023-06-09,2023-02-13
F4320332043,Schweizerischen Gesellschaft für Endokrinologie und Diabetologie,CH,,,1,1,2,0,1,0,,F4320332043,,2023-06-09,2023-02-13
F4320333625,"Biomedical Engineering, Illinois Institute of Technology",US,,,1,1,2,0,1,0,,F4320333625,,2023-06-09,2023-02-13
F4320334274,National Laboratory Animal Center,TW,,,0,2,2,0,1,0,,F4320334274,,2023-06-09,2023-02-13
F4320336075,"Internationalt Center for Indendørs Miljø og energi, Danmarks Tekniske Universitet",DK,,,0,1,2,0,1,0,,F4320336075,,2023-06-09,2023-02-13
F4320336346,"Nanjing Institute of Astronomical Optics and Technology, Chinese Academy of Sciences",CN,,,1,2,2,0.5,1,0,,F4320336346,,2023-06-09,2023-02-13
F4320336792,Key Laboratory of Software Engineering in Guangxi University for Nationalities,CN,,,1,1,2,2.0,1,0,,F4320336792,,2023-06-09,2023-02-13
F4320336797,"Animal Biotechnology Center, National Chung Hsing University",TW,,,1,2,2,0,1,0,,F4320336797,,2023-06-09,2023-02-13
F4320336949,"Interdisciplinary Center for Analytics on the Nanoscale, University of Duisburg-Essen",DE,,,0,1,2,2.0,1,0,,F4320336949,,2023-06-09,2023-02-13
F4320337136,"Centre of Excellence, University of Malaya",MY,,,1,1,2,0,1,0,,F4320337136,,2023-06-09,2023-02-13
F4320337332,"Centre for Epidemiology Versus Arthritis, University of Manchester",GB,,,1,2,2,0,1,0,,F4320337332,,2023-06-09,2023-02-13
F4320337936,"Division of Gastroenterology and Hepatology, School of Medicine, Indiana University",US,,,0,2,2,0,1,0,,F4320337936,,2023-06-09,2023-02-13
F4320338495,Naval Medical Research Unit—San Antonio,US,government agency,,1,2,2,0,1,0,,F4320338495,,2023-06-09,2023-02-13
F4320309703,Eastern Savings Bank Foundation,US,foundation in United States of America,,0,1,1,0,1,0,,F4320309703,,2023-06-09,2023-02-13
F4320310450,Heathside Charitable Trust,GB,foundation in United Kingdom,,0,1,1,0,1,0,,F4320310450,,2023-06-09,2023-02-13
